{
  "norm_stats": {
    "retrieved_0_state": {
      "mean": [
        -0.02040938856607446,
        0.27316885391440204,
        -0.01999968505251169,
        -2.084516167062719,
        -0.1005656845817008,
        2.2179074085969406,
        0.1110465948870563,
        0.3137901939424096
      ],
      "std": [
        0.26430133500396835,
        0.45359090693204707,
        0.13224046005866005,
        0.4688538338569592,
        0.23091146725444442,
        0.311919007949888,
        0.3100052864308731,
        0.3802837475045001
      ],
      "q01": [
        -0.7215279507637024,
        -0.604348337650299,
        -0.31941979765892026,
        -2.7662751340866087,
        -1.1887605810165405,
        1.1722002243995666,
        -0.6494863903522491,
        0.0
      ],
      "q99": [
        0.6875396883487701,
        1.2494995713233954,
        0.27518194615840913,
        -0.5873300302028656,
        0.24708832740783743,
        2.828870248794556,
        0.9595047056674958,
        1.0
      ]
    },
    "retrieved_1_state": {
      "mean": [
        -0.02040938856607446,
        0.27316885391440204,
        -0.01999968505251169,
        -2.084516167062719,
        -0.1005656845817008,
        2.2179074085969406,
        0.1110465948870563,
        0.3137901939424096
      ],
      "std": [
        0.26430133500396835,
        0.45359090693204707,
        0.13224046005866005,
        0.4688538338569592,
        0.23091146725444442,
        0.311919007949888,
        0.3100052864308731,
        0.3802837475045001
      ],
      "q01": [
        -0.7215279507637024,
        -0.604348337650299,
        -0.31941979765892026,
        -2.7662751340866087,
        -1.1887605810165405,
        1.1722002243995666,
        -0.6494863903522491,
        0.0
      ],
      "q99": [
        0.6875396883487701,
        1.2494995713233954,
        0.27518194615840913,
        -0.5873300302028656,
        0.24708832740783743,
        2.828870248794556,
        0.9595047056674958,
        1.0
      ]
    },
    "retrieved_2_state": {
      "mean": [
        -0.02040938856607446,
        0.27316885391440204,
        -0.01999968505251169,
        -2.084516167062719,
        -0.1005656845817008,
        2.2179074085969406,
        0.1110465948870563,
        0.3137901939424096
      ],
      "std": [
        0.26430133500396835,
        0.45359090693204707,
        0.13224046005866005,
        0.4688538338569592,
        0.23091146725444442,
        0.311919007949888,
        0.3100052864308731,
        0.3802837475045001
      ],
      "q01": [
        -0.7215279507637024,
        -0.604348337650299,
        -0.31941979765892026,
        -2.7662751340866087,
        -1.1887605810165405,
        1.1722002243995666,
        -0.6494863903522491,
        0.0
      ],
      "q99": [
        0.6875396883487701,
        1.2494995713233954,
        0.27518194615840913,
        -0.5873300302028656,
        0.24708832740783743,
        2.828870248794556,
        0.9595047056674958,
        1.0
      ]
    },
    "retrieved_3_state": {
      "mean": [
        -0.02040938856607446,
        0.27316885391440204,
        -0.01999968505251169,
        -2.084516167062719,
        -0.1005656845817008,
        2.2179074085969406,
        0.1110465948870563,
        0.3137901939424096
      ],
      "std": [
        0.26430133500396835,
        0.45359090693204707,
        0.13224046005866005,
        0.4688538338569592,
        0.23091146725444442,
        0.311919007949888,
        0.3100052864308731,
        0.3802837475045001
      ],
      "q01": [
        -0.7215279507637024,
        -0.604348337650299,
        -0.31941979765892026,
        -2.7662751340866087,
        -1.1887605810165405,
        1.1722002243995666,
        -0.6494863903522491,
        0.0
      ],
      "q99": [
        0.6875396883487701,
        1.2494995713233954,
        0.27518194615840913,
        -0.5873300302028656,
        0.24708832740783743,
        2.828870248794556,
        0.9595047056674958,
        1.0
      ]
    },
    "query_state": {
      "mean": [
        -0.02040938856607446,
        0.27316885391440204,
        -0.01999968505251169,
        -2.084516167062719,
        -0.1005656845817008,
        2.2179074085969406,
        0.1110465948870563,
        0.3137901939424096
      ],
      "std": [
        0.26430133500396835,
        0.45359090693204707,
        0.13224046005866005,
        0.4688538338569592,
        0.23091146725444442,
        0.311919007949888,
        0.3100052864308731,
        0.3802837475045001
      ],
      "q01": [
        -0.7215279507637024,
        -0.604348337650299,
        -0.31941979765892026,
        -2.7662751340866087,
        -1.1887605810165405,
        1.1722002243995666,
        -0.6494863903522491,
        0.0
      ],
      "q99": [
        0.6875396883487701,
        1.2494995713233954,
        0.27518194615840913,
        -0.5873300302028656,
        0.24708832740783743,
        2.828870248794556,
        0.9595047056674958,
        1.0
      ]
    },
    "retrieved_0_actions": {
      "mean": [
        0.0031882519351955295,
        0.1262444793846524,
        -0.006792736841140112,
        0.13455201815740697,
        0.006747175083049323,
        -0.014158288410750453,
        -0.028977846873733358,
        0.35110926196646336
      ],
      "std": [
        0.16147635531886545,
        0.4282632442739744,
        0.11771319102372788,
        0.3948533625545289,
        0.178823495033885,
        0.27081058610050696,
        0.2155483850570536,
        0.421940333815936
      ],
      "q01": [
        -0.4254830904304981,
        -0.9330298721790313,
        -0.2898821488022804,
        -0.9858200550079346,
        -0.45230977013707163,
        -0.6475470438599586,
        -0.581640287488699,
        0.0
      ],
      "q99": [
        0.39915941506624236,
        0.995421738922596,
        0.3065519325435167,
        0.9986248970031738,
        0.4449729084968595,
        0.6877345219254495,
        0.5582635715603833,
        1.0
      ]
    },
    "retrieved_1_actions": {
      "mean": [
        0.0031882519351955295,
        0.1262444793846524,
        -0.006792736841140112,
        0.13455201815740697,
        0.006747175083049323,
        -0.014158288410750453,
        -0.028977846873733358,
        0.35110926196646336
      ],
      "std": [
        0.16147635531886545,
        0.4282632442739744,
        0.11771319102372788,
        0.3948533625545289,
        0.178823495033885,
        0.27081058610050696,
        0.2155483850570536,
        0.421940333815936
      ],
      "q01": [
        -0.4254830904304981,
        -0.9330298721790313,
        -0.2898821488022804,
        -0.9858200550079346,
        -0.45230977013707163,
        -0.6475470438599586,
        -0.581640287488699,
        0.0
      ],
      "q99": [
        0.39915941506624236,
        0.995421738922596,
        0.3065519325435167,
        0.9986248970031738,
        0.4449729084968595,
        0.6877345219254495,
        0.5582635715603833,
        1.0
      ]
    },
    "retrieved_2_actions": {
      "mean": [
        0.0031882519351955295,
        0.1262444793846524,
        -0.006792736841140112,
        0.13455201815740697,
        0.006747175083049323,
        -0.014158288410750453,
        -0.028977846873733358,
        0.35110926196646336
      ],
      "std": [
        0.16147635531886545,
        0.4282632442739744,
        0.11771319102372788,
        0.3948533625545289,
        0.178823495033885,
        0.27081058610050696,
        0.2155483850570536,
        0.421940333815936
      ],
      "q01": [
        -0.4254830904304981,
        -0.9330298721790313,
        -0.2898821488022804,
        -0.9858200550079346,
        -0.45230977013707163,
        -0.6475470438599586,
        -0.581640287488699,
        0.0
      ],